instance,config,n,lambda_pen,num_segments,cuts,objective_score,intra_coherence,inter_separation,has_ground_truth,true_cuts,boundary_precision,boundary_recall,boundary_f1,time_total_s,llm_calls,cache_hits,model
large_01,baseline_cosine,250,0.1,250,"[0, 1, 2, 3, 4, 5, 6, 7, 8, 9, 10, 11, 12, 13, 14, 15, 16, 17, 18, 19, 20, 21, 22, 23, 24, 25, 26, 27, 28, 29, 30, 31, 32, 33, 34, 35, 36, 37, 38, 39, 40, 41, 42, 43, 44, 45, 46, 47, 48, 49, 50, 51, 52, 53, 54, 55, 56, 57, 58, 59, 60, 61, 62, 63, 64, 65, 66, 67, 68, 69, 70, 71, 72, 73, 74, 75, 76, 77, 78, 79, 80, 81, 82, 83, 84, 85, 86, 87, 88, 89, 90, 91, 92, 93, 94, 95, 96, 97, 98, 99, 100, 101, 102, 103, 104, 105, 106, 107, 108, 109, 110, 111, 112, 113, 114, 115, 116, 117, 118, 119, 120, 121, 122, 123, 124, 125, 126, 127, 128, 129, 130, 131, 132, 133, 134, 135, 136, 137, 138, 139, 140, 141, 142, 143, 144, 145, 146, 147, 148, 149, 150, 151, 152, 153, 154, 155, 156, 157, 158, 159, 160, 161, 162, 163, 164, 165, 166, 167, 168, 169, 170, 171, 172, 173, 174, 175, 176, 177, 178, 179, 180, 181, 182, 183, 184, 185, 186, 187, 188, 189, 190, 191, 192, 193, 194, 195, 196, 197, 198, 199, 200, 201, 202, 203, 204, 205, 206, 207, 208, 209, 210, 211, 212, 213, 214, 215, 216, 217, 218, 219, 220, 221, 222, 223, 224, 225, 226, 227, 228, 229, 230, 231, 232, 233, 234, 235, 236, 237, 238, 239, 240, 241, 242, 243, 244, 245, 246, 247, 248]",225.1,1.0,0.537665,True,"[18, 37, 56, 76, 96, 116, 135, 154, 173, 192, 211, 230]",0.0482,1.0,0.092,23.6348,0,0,none
large_01,two_phase,250,0.1,216,"[0, 1, 2, 3, 7, 8, 11, 14, 15, 16, 17, 18, 19, 20, 21, 22, 24, 25, 28, 29, 30, 31, 32, 34, 35, 36, 37, 38, 41, 42, 44, 45, 46, 48, 49, 50, 52, 53, 54, 55, 56, 57, 58, 59, 60, 61, 62, 63, 64, 65, 66, 67, 68, 69, 70, 72, 73, 74, 75, 76, 77, 78, 79, 81, 82, 83, 84, 85, 87, 88, 89, 90, 91, 92, 93, 94, 95, 96, 98, 100, 101, 103, 104, 105, 106, 107, 108, 109, 111, 112, 114, 115, 116, 117, 118, 119, 120, 121, 122, 123, 124, 125, 126, 127, 128, 129, 131, 132, 133, 134, 135, 136, 137, 139, 140, 141, 142, 143, 144, 145, 146, 147, 148, 149, 150, 151, 152, 153, 154, 155, 156, 157, 158, 159, 160, 161, 162, 163, 164, 165, 166, 167, 168, 169, 170, 171, 172, 173, 174, 175, 176, 177, 178, 179, 180, 181, 182, 183, 185, 186, 187, 188, 189, 190, 191, 192, 193, 194, 195, 197, 199, 200, 201, 202, 203, 204, 205, 206, 207, 208, 209, 210, 211, 212, 213, 214, 215, 218, 219, 221, 222, 223, 224, 225, 226, 227, 228, 229, 230, 231, 232, 234, 235, 236, 237, 238, 239, 240, 241, 242, 244, 245, 246, 247, 248]",193.417228,0.994987,0.615048,True,"[18, 37, 56, 76, 96, 116, 135, 154, 173, 192, 211, 230]",0.0558,1.0,0.1057,9.5809,2,32,gemini/gemini-3.1-flash-lite
large_02,baseline_cosine,250,0.1,250,"[0, 1, 2, 3, 4, 5, 6, 7, 8, 9, 10, 11, 12, 13, 14, 15, 16, 17, 18, 19, 20, 21, 22, 23, 24, 25, 26, 27, 28, 29, 30, 31, 32, 33, 34, 35, 36, 37, 38, 39, 40, 41, 42, 43, 44, 45, 46, 47, 48, 49, 50, 51, 52, 53, 54, 55, 56, 57, 58, 59, 60, 61, 62, 63, 64, 65, 66, 67, 68, 69, 70, 71, 72, 73, 74, 75, 76, 77, 78, 79, 80, 81, 82, 83, 84, 85, 86, 87, 88, 89, 90, 91, 92, 93, 94, 95, 96, 97, 98, 99, 100, 101, 102, 103, 104, 105, 106, 107, 108, 109, 110, 111, 112, 113, 114, 115, 116, 117, 118, 119, 120, 121, 122, 123, 124, 125, 126, 127, 128, 129, 130, 131, 132, 133, 134, 135, 136, 137, 138, 139, 140, 141, 142, 143, 144, 145, 146, 147, 148, 149, 150, 151, 152, 153, 154, 155, 156, 157, 158, 159, 160, 161, 162, 163, 164, 165, 166, 167, 168, 169, 170, 171, 172, 173, 174, 175, 176, 177, 178, 179, 180, 181, 182, 183, 184, 185, 186, 187, 188, 189, 190, 191, 192, 193, 194, 195, 196, 197, 198, 199, 200, 201, 202, 203, 204, 205, 206, 207, 208, 209, 210, 211, 212, 213, 214, 215, 216, 217, 218, 219, 220, 221, 222, 223, 224, 225, 226, 227, 228, 229, 230, 231, 232, 233, 234, 235, 236, 237, 238, 239, 240, 241, 242, 243, 244, 245, 246, 247, 248]",225.1,1.0,0.548216,True,"[18, 38, 57, 76, 95, 114, 134, 153, 172, 191, 211, 230]",0.0482,1.0,0.092,1.8879,0,0,none
large_02,two_phase,250,0.1,212,"[0, 2, 3, 4, 5, 6, 7, 9, 10, 11, 12, 13, 15, 16, 17, 18, 19, 20, 21, 22, 23, 24, 25, 26, 27, 28, 29, 31, 32, 33, 34, 35, 36, 37, 38, 39, 40, 41, 43, 45, 46, 47, 48, 49, 50, 51, 52, 53, 54, 55, 56, 57, 58, 59, 60, 61, 62, 63, 64, 65, 66, 67, 69, 70, 71, 72, 73, 74, 76, 77, 78, 79, 80, 81, 82, 83, 86, 87, 88, 90, 91, 92, 93, 94, 95, 96, 98, 101, 102, 104, 105, 106, 108, 110, 111, 112, 113, 114, 115, 117, 118, 119, 120, 122, 123, 124, 125, 126, 127, 128, 129, 130, 131, 132, 133, 134, 136, 137, 139, 142, 143, 144, 145, 146, 148, 149, 150, 151, 152, 153, 155, 156, 157, 158, 159, 160, 161, 162, 163, 164, 165, 166, 167, 168, 169, 170, 171, 172, 173, 174, 175, 176, 177, 178, 179, 180, 181, 183, 184, 185, 187, 188, 189, 191, 192, 194, 195, 196, 197, 198, 199, 200, 201, 203, 204, 205, 206, 207, 208, 209, 210, 212, 213, 214, 215, 216, 217, 219, 221, 222, 223, 224, 225, 226, 228, 230, 231, 232, 233, 234, 235, 236, 237, 238, 240, 241, 243, 244, 245, 246, 247]",187.818122,0.985463,0.625624,True,"[18, 38, 57, 76, 95, 114, 134, 153, 172, 191, 211, 230]",0.0569,1.0,0.1076,151.7893,42,32,gemini/gemini-3.1-flash-lite
large_03,baseline_cosine,250,0.1,250,"[0, 1, 2, 3, 4, 5, 6, 7, 8, 9, 10, 11, 12, 13, 14, 15, 16, 17, 18, 19, 20, 21, 22, 23, 24, 25, 26, 27, 28, 29, 30, 31, 32, 33, 34, 35, 36, 37, 38, 39, 40, 41, 42, 43, 44, 45, 46, 47, 48, 49, 50, 51, 52, 53, 54, 55, 56, 57, 58, 59, 60, 61, 62, 63, 64, 65, 66, 67, 68, 69, 70, 71, 72, 73, 74, 75, 76, 77, 78, 79, 80, 81, 82, 83, 84, 85, 86, 87, 88, 89, 90, 91, 92, 93, 94, 95, 96, 97, 98, 99, 100, 101, 102, 103, 104, 105, 106, 107, 108, 109, 110, 111, 112, 113, 114, 115, 116, 117, 118, 119, 120, 121, 122, 123, 124, 125, 126, 127, 128, 129, 130, 131, 132, 133, 134, 135, 136, 137, 138, 139, 140, 141, 142, 143, 144, 145, 146, 147, 148, 149, 150, 151, 152, 153, 154, 155, 156, 157, 158, 159, 160, 161, 162, 163, 164, 165, 166, 167, 168, 169, 170, 171, 172, 173, 174, 175, 176, 177, 178, 179, 180, 181, 182, 183, 184, 185, 186, 187, 188, 189, 190, 191, 192, 193, 194, 195, 196, 197, 198, 199, 200, 201, 202, 203, 204, 205, 206, 207, 208, 209, 210, 211, 212, 213, 214, 215, 216, 217, 218, 219, 220, 221, 222, 223, 224, 225, 226, 227, 228, 229, 230, 231, 232, 233, 234, 235, 236, 237, 238, 239, 240, 241, 242, 243, 244, 245, 246, 247, 248]",225.1,1.0,0.52402,True,"[18, 38, 58, 77, 96, 116, 135, 154, 173, 192, 211, 230]",0.0482,1.0,0.092,1.706,0,0,none
large_03,two_phase,250,0.1,212,"[0, 1, 2, 3, 4, 5, 6, 9, 10, 11, 12, 13, 14, 16, 17, 18, 19, 20, 21, 22, 23, 24, 25, 26, 27, 28, 29, 31, 33, 34, 35, 36, 37, 38, 40, 41, 42, 43, 44, 45, 46, 47, 48, 49, 51, 52, 53, 55, 57, 58, 59, 60, 61, 62, 63, 64, 65, 66, 67, 68, 70, 71, 72, 73, 74, 75, 76, 77, 78, 80, 81, 83, 85, 86, 87, 88, 89, 90, 91, 93, 94, 95, 96, 97, 99, 100, 101, 102, 103, 104, 105, 107, 108, 109, 110, 112, 113, 114, 115, 116, 117, 118, 119, 120, 121, 122, 123, 124, 125, 126, 127, 128, 129, 130, 132, 133, 134, 135, 136, 137, 138, 139, 140, 141, 142, 145, 146, 147, 148, 150, 151, 152, 154, 155, 157, 158, 160, 161, 162, 163, 165, 167, 169, 170, 171, 173, 174, 177, 178, 180, 181, 182, 184, 185, 186, 187, 188, 189, 190, 191, 192, 193, 194, 195, 196, 197, 198, 199, 200, 201, 202, 203, 204, 205, 206, 207, 208, 209, 210, 211, 213, 214, 215, 216, 217, 218, 219, 220, 221, 222, 223, 224, 225, 226, 227, 229, 230, 231, 232, 233, 234, 235, 236, 237, 238, 242, 244, 245, 246, 247, 248]",189.241007,0.992175,0.608233,True,"[18, 38, 58, 77, 96, 116, 135, 154, 173, 192, 211, 230]",0.0569,1.0,0.1076,162.5679,41,32,gemini/gemini-3.1-flash-lite
large_04,baseline_cosine,250,0.1,250,"[0, 1, 2, 3, 4, 5, 6, 7, 8, 9, 10, 11, 12, 13, 14, 15, 16, 17, 18, 19, 20, 21, 22, 23, 24, 25, 26, 27, 28, 29, 30, 31, 32, 33, 34, 35, 36, 37, 38, 39, 40, 41, 42, 43, 44, 45, 46, 47, 48, 49, 50, 51, 52, 53, 54, 55, 56, 57, 58, 59, 60, 61, 62, 63, 64, 65, 66, 67, 68, 69, 70, 71, 72, 73, 74, 75, 76, 77, 78, 79, 80, 81, 82, 83, 84, 85, 86, 87, 88, 89, 90, 91, 92, 93, 94, 95, 96, 97, 98, 99, 100, 101, 102, 103, 104, 105, 106, 107, 108, 109, 110, 111, 112, 113, 114, 115, 116, 117, 118, 119, 120, 121, 122, 123, 124, 125, 126, 127, 128, 129, 130, 131, 132, 133, 134, 135, 136, 137, 138, 139, 140, 141, 142, 143, 144, 145, 146, 147, 148, 149, 150, 151, 152, 153, 154, 155, 156, 157, 158, 159, 160, 161, 162, 163, 164, 165, 166, 167, 168, 169, 170, 171, 172, 173, 174, 175, 176, 177, 178, 179, 180, 181, 182, 183, 184, 185, 186, 187, 188, 189, 190, 191, 192, 193, 194, 195, 196, 197, 198, 199, 200, 201, 202, 203, 204, 205, 206, 207, 208, 209, 210, 211, 212, 213, 214, 215, 216, 217, 218, 219, 220, 221, 222, 223, 224, 225, 226, 227, 228, 229, 230, 231, 232, 233, 234, 235, 236, 237, 238, 239, 240, 241, 242, 243, 244, 245, 246, 247, 248]",225.1,1.0,0.539711,True,"[18, 38, 57, 76, 95, 115, 134, 153, 173, 192, 211, 230]",0.0482,1.0,0.092,1.8605,0,0,none
large_04,two_phase,250,0.1,218,"[0, 1, 2, 4, 5, 6, 8, 9, 10, 12, 15, 16, 17, 18, 19, 20, 21, 22, 23, 24, 25, 26, 27, 29, 30, 31, 32, 33, 34, 35, 36, 37, 38, 39, 40, 41, 42, 43, 44, 45, 46, 47, 48, 49, 50, 51, 52, 53, 54, 55, 56, 57, 58, 59, 61, 63, 64, 65, 66, 67, 68, 69, 70, 71, 74, 75, 76, 77, 78, 79, 80, 81, 82, 83, 84, 85, 86, 87, 88, 89, 90, 91, 92, 93, 94, 95, 97, 98, 99, 100, 101, 102, 103, 104, 105, 106, 107, 108, 109, 110, 112, 113, 114, 115, 116, 117, 118, 120, 121, 122, 123, 125, 126, 127, 128, 129, 131, 132, 133, 134, 135, 136, 137, 138, 139, 140, 141, 143, 144, 145, 146, 147, 148, 149, 150, 151, 152, 153, 155, 156, 157, 158, 159, 160, 161, 162, 163, 164, 165, 166, 167, 168, 169, 171, 173, 174, 175, 176, 177, 178, 179, 180, 181, 182, 183, 184, 185, 186, 187, 188, 189, 190, 192, 193, 194, 195, 196, 197, 198, 200, 203, 204, 205, 208, 210, 211, 213, 214, 215, 218, 219, 220, 221, 222, 223, 224, 225, 227, 228, 229, 230, 232, 233, 234, 235, 236, 237, 238, 239, 240, 242, 243, 244, 245, 246, 247, 248]",195.129092,0.994629,0.609707,True,"[18, 38, 57, 76, 95, 115, 134, 153, 173, 192, 211, 230]",0.0553,1.0,0.1048,57.4232,12,22,gemini/gemini-3.1-flash-lite
large_05,baseline_cosine,250,0.1,250,"[0, 1, 2, 3, 4, 5, 6, 7, 8, 9, 10, 11, 12, 13, 14, 15, 16, 17, 18, 19, 20, 21, 22, 23, 24, 25, 26, 27, 28, 29, 30, 31, 32, 33, 34, 35, 36, 37, 38, 39, 40, 41, 42, 43, 44, 45, 46, 47, 48, 49, 50, 51, 52, 53, 54, 55, 56, 57, 58, 59, 60, 61, 62, 63, 64, 65, 66, 67, 68, 69, 70, 71, 72, 73, 74, 75, 76, 77, 78, 79, 80, 81, 82, 83, 84, 85, 86, 87, 88, 89, 90, 91, 92, 93, 94, 95, 96, 97, 98, 99, 100, 101, 102, 103, 104, 105, 106, 107, 108, 109, 110, 111, 112, 113, 114, 115, 116, 117, 118, 119, 120, 121, 122, 123, 124, 125, 126, 127, 128, 129, 130, 131, 132, 133, 134, 135, 136, 137, 138, 139, 140, 141, 142, 143, 144, 145, 146, 147, 148, 149, 150, 151, 152, 153, 154, 155, 156, 157, 158, 159, 160, 161, 162, 163, 164, 165, 166, 167, 168, 169, 170, 171, 172, 173, 174, 175, 176, 177, 178, 179, 180, 181, 182, 183, 184, 185, 186, 187, 188, 189, 190, 191, 192, 193, 194, 195, 196, 197, 198, 199, 200, 201, 202, 203, 204, 205, 206, 207, 208, 209, 210, 211, 212, 213, 214, 215, 216, 217, 218, 219, 220, 221, 222, 223, 224, 225, 226, 227, 228, 229, 230, 231, 232, 233, 234, 235, 236, 237, 238, 239, 240, 241, 242, 243, 244, 245, 246, 247, 248]",225.1,1.0,0.524041,True,"[18, 37, 56, 75, 94, 113, 133, 152, 172, 191, 210, 230]",0.0482,1.0,0.092,2.2146,0,0,none
large_05,two_phase,250,0.1,213,"[0, 1, 2, 3, 4, 6, 7, 9, 10, 11, 12, 13, 14, 16, 17, 18, 19, 20, 21, 22, 24, 25, 26, 27, 29, 30, 31, 32, 33, 34, 35, 36, 37, 40, 42, 43, 44, 45, 46, 47, 48, 49, 50, 51, 53, 54, 55, 56, 57, 58, 59, 60, 61, 62, 63, 64, 65, 66, 67, 69, 70, 71, 72, 73, 75, 77, 78, 79, 81, 83, 84, 85, 86, 87, 88, 90, 91, 92, 94, 95, 96, 97, 98, 100, 101, 102, 103, 104, 105, 106, 107, 108, 110, 111, 112, 113, 114, 115, 116, 117, 119, 120, 121, 122, 123, 124, 125, 126, 127, 128, 129, 130, 131, 132, 133, 134, 135, 136, 137, 138, 139, 140, 141, 142, 143, 144, 145, 147, 148, 149, 150, 151, 153, 154, 155, 156, 157, 158, 159, 161, 162, 163, 164, 165, 166, 167, 168, 169, 170, 171, 172, 173, 174, 175, 177, 178, 179, 180, 182, 183, 184, 186, 187, 188, 190, 191, 194, 195, 196, 197, 199, 200, 201, 202, 203, 204, 205, 206, 207, 209, 210, 211, 212, 213, 214, 215, 216, 218, 219, 220, 221, 222, 223, 224, 225, 228, 229, 230, 231, 232, 233, 234, 236, 237, 238, 239, 240, 241, 243, 244, 247, 248]",191.039884,0.996431,0.610401,True,"[18, 37, 56, 75, 94, 113, 133, 152, 172, 191, 210, 230]",0.0566,1.0,0.1071,152.0904,41,22,gemini/gemini-3.1-flash-lite
medium_01,baseline_cosine,60,0.1,60,"[0, 1, 2, 3, 4, 5, 6, 7, 8, 9, 10, 11, 12, 13, 14, 15, 16, 17, 18, 19, 20, 21, 22, 23, 24, 25, 26, 27, 28, 29, 30, 31, 32, 33, 34, 35, 36, 37, 38, 39, 40, 41, 42, 43, 44, 45, 46, 47, 48, 49, 50, 51, 52, 53, 54, 55, 56, 57, 58]",54.1,1.0,0.536038,True,"[7, 14, 21, 28, 36, 43, 51]",0.1186,1.0,0.2121,0.456,0,0,none
medium_01,two_phase,60,0.1,51,"[0, 1, 2, 3, 4, 5, 6, 7, 8, 9, 10, 12, 13, 14, 15, 16, 17, 19, 20, 21, 23, 24, 25, 26, 27, 28, 31, 32, 33, 36, 37, 38, 39, 40, 42, 43, 44, 45, 46, 47, 48, 49, 50, 51, 52, 53, 54, 55, 56, 57]",45.863671,0.997327,0.629313,True,"[7, 14, 21, 28, 36, 43, 51]",0.14,1.0,0.2456,38.743,11,22,gemini/gemini-3.1-flash-lite
medium_02,baseline_cosine,60,0.1,60,"[0, 1, 2, 3, 4, 5, 6, 7, 8, 9, 10, 11, 12, 13, 14, 15, 16, 17, 18, 19, 20, 21, 22, 23, 24, 25, 26, 27, 28, 29, 30, 31, 32, 33, 34, 35, 36, 37, 38, 39, 40, 41, 42, 43, 44, 45, 46, 47, 48, 49, 50, 51, 52, 53, 54, 55, 56, 57, 58]",54.1,1.0,0.550444,True,"[7, 15, 22, 29, 37, 44, 52]",0.1186,1.0,0.2121,0.4783,0,0,none
medium_02,two_phase,60,0.1,50,"[0, 1, 2, 3, 4, 5, 7, 8, 9, 10, 11, 12, 13, 14, 15, 16, 17, 18, 19, 21, 22, 23, 25, 26, 27, 29, 30, 31, 32, 33, 34, 35, 36, 37, 38, 39, 43, 44, 45, 47, 48, 49, 50, 51, 52, 54, 55, 57, 58]",44.08487,0.979697,0.634861,True,"[7, 15, 22, 29, 37, 44, 52]",0.1429,1.0,0.25,21.2489,10,22,gemini/gemini-3.1-flash-lite
medium_03,baseline_cosine,60,0.1,60,"[0, 1, 2, 3, 4, 5, 6, 7, 8, 9, 10, 11, 12, 13, 14, 15, 16, 17, 18, 19, 20, 21, 22, 23, 24, 25, 26, 27, 28, 29, 30, 31, 32, 33, 34, 35, 36, 37, 38, 39, 40, 41, 42, 43, 44, 45, 46, 47, 48, 49, 50, 51, 52, 53, 54, 55, 56, 57, 58]",54.1,1.0,0.538943,True,"[7, 14, 22, 29, 37, 45, 52]",0.1186,1.0,0.2121,0.501,0,0,none
medium_03,two_phase,60,0.1,52,"[0, 1, 2, 3, 4, 5, 6, 7, 8, 9, 10, 12, 13, 14, 15, 16, 17, 18, 19, 22, 23, 25, 27, 28, 29, 30, 32, 33, 34, 35, 36, 37, 39, 40, 42, 43, 44, 45, 46, 47, 48, 49, 50, 51, 52, 53, 54, 55, 56, 57, 58]",46.826233,0.998581,0.621724,True,"[7, 14, 22, 29, 37, 45, 52]",0.1373,1.0,0.2414,67.2488,9,22,gemini/gemini-3.1-flash-lite
medium_04,baseline_cosine,60,0.1,60,"[0, 1, 2, 3, 4, 5, 6, 7, 8, 9, 10, 11, 12, 13, 14, 15, 16, 17, 18, 19, 20, 21, 22, 23, 24, 25, 26, 27, 28, 29, 30, 31, 32, 33, 34, 35, 36, 37, 38, 39, 40, 41, 42, 43, 44, 45, 46, 47, 48, 49, 50, 51, 52, 53, 54, 55, 56, 57, 58]",54.1,1.0,0.567838,True,"[6, 14, 22, 30, 38, 45, 52]",0.1186,1.0,0.2121,0.5496,0,0,none
medium_04,two_phase,60,0.1,56,"[0, 1, 2, 3, 4, 5, 6, 7, 8, 9, 11, 12, 13, 14, 15, 16, 17, 18, 19, 20, 21, 22, 23, 24, 25, 26, 27, 28, 29, 30, 31, 33, 35, 36, 37, 38, 39, 40, 41, 42, 43, 44, 46, 47, 48, 49, 50, 51, 52, 53, 54, 55, 56, 57, 58]",50.014058,0.991322,0.597967,True,"[6, 14, 22, 30, 38, 45, 52]",0.1273,1.0,0.2258,12.0195,6,22,gemini/gemini-3.1-flash-lite
medium_05,baseline_cosine,60,0.1,60,"[0, 1, 2, 3, 4, 5, 6, 7, 8, 9, 10, 11, 12, 13, 14, 15, 16, 17, 18, 19, 20, 21, 22, 23, 24, 25, 26, 27, 28, 29, 30, 31, 32, 33, 34, 35, 36, 37, 38, 39, 40, 41, 42, 43, 44, 45, 46, 47, 48, 49, 50, 51, 52, 53, 54, 55, 56, 57, 58]",54.1,1.0,0.510184,True,"[7, 14, 22, 30, 37, 44, 52]",0.1186,1.0,0.2121,0.5257,0,0,none
medium_05,two_phase,60,0.1,50,"[0, 1, 2, 3, 4, 5, 6, 7, 8, 9, 11, 12, 13, 14, 15, 17, 18, 20, 21, 22, 24, 25, 26, 28, 29, 30, 31, 32, 34, 35, 36, 37, 40, 43, 44, 45, 46, 47, 48, 49, 50, 51, 52, 53, 54, 55, 56, 57, 58]",44.584062,0.989681,0.60175,True,"[7, 14, 22, 30, 37, 44, 52]",0.1429,1.0,0.25,50.1501,11,22,gemini/gemini-3.1-flash-lite
small_01,baseline_cosine,15,0.1,15,"[0, 1, 2, 3, 4, 5, 6, 7, 8, 9, 10, 11, 12, 13]",13.6,1.0,0.524642,True,"[2, 6, 10]",0.2143,1.0,0.3529,0.2,0,0,none
small_01,dp_llm_full,15,0.1,15,"[0, 1, 2, 3, 4, 5, 6, 7, 8, 9, 10, 11, 12, 13]",13.6,1.0,0.524642,True,"[2, 6, 10]",0.2143,1.0,0.3529,241.0457,76,51,gemini/gemini-3.1-flash-lite
small_01,two_phase,15,0.1,12,"[1, 2, 3, 4, 5, 6, 8, 9, 10, 12, 13]",10.9,1.0,0.667726,True,"[2, 6, 10]",0.2727,1.0,0.4286,25.5547,3,156,gemini/gemini-3.1-flash-lite
small_02,baseline_cosine,15,0.1,15,"[0, 1, 2, 3, 4, 5, 6, 7, 8, 9, 10, 11, 12, 13]",13.6,1.0,0.638106,True,"[3, 6, 10]",0.2143,1.0,0.3529,0.1881,0,0,none
small_02,dp_llm_full,15,0.1,15,"[0, 1, 2, 3, 4, 5, 6, 7, 8, 9, 10, 11, 12, 13]",13.6,1.0,0.638106,True,"[3, 6, 10]",0.2143,1.0,0.3529,381.2476,104,157,gemini/gemini-3.1-flash-lite
small_02,two_phase,15,0.1,15,"[0, 1, 2, 3, 4, 5, 6, 7, 8, 9, 10, 11, 12, 13]",13.6,1.0,0.638106,True,"[3, 6, 10]",0.2143,1.0,0.3529,0.001,0,262,gemini/gemini-3.1-flash-lite
small_03,baseline_cosine,15,0.1,15,"[0, 1, 2, 3, 4, 5, 6, 7, 8, 9, 10, 11, 12, 13]",13.6,1.0,0.666941,True,"[3, 7, 10]",0.2143,1.0,0.3529,0.1345,0,0,none
small_03,two_phase,15,0.1,14,"[0, 1, 2, 3, 4, 5, 6, 7, 8, 9, 10, 12, 13]",12.308863,0.972062,0.665594,True,"[3, 7, 10]",0.2308,1.0,0.375,64.3135,1,262,gemini/gemini-3.1-flash-lite
small_04,baseline_cosine,15,0.1,15,"[0, 1, 2, 3, 4, 5, 6, 7, 8, 9, 10, 11, 12, 13]",13.6,1.0,0.604359,True,"[3, 6, 10]",0.2143,1.0,0.3529,0.137,0,0,none
small_05,baseline_cosine,15,0.1,15,"[0, 1, 2, 3, 4, 5, 6, 7, 8, 9, 10, 11, 12, 13]",13.6,1.0,0.569615,True,"[2, 6, 10]",0.2143,1.0,0.3529,0.1555,0,0,none
tactiq-free-transcript-JQ4OnXIUwyk,baseline_cosine,95,0.5,47,"[1, 3, 5, 7, 9, 11, 13, 15, 17, 20, 22, 24, 26, 28, 30, 32, 34, 36, 38, 40, 42, 44, 46, 48, 50, 52, 54, 56, 58, 60, 62, 64, 66, 68, 70, 72, 74, 76, 78, 80, 82, 84, 86, 88, 90, 92]",8.197472,0.663776,0.254036,False,,,,,3.6785,0,0,none
tactiq-free-transcript-JQ4OnXIUwyk,two_phase,95,0.5,30,"[1, 2, 5, 11, 13, 14, 17, 20, 24, 30, 31, 37, 38, 39, 40, 44, 49, 54, 57, 62, 66, 68, 72, 74, 78, 83, 84, 88, 92]",7.49786,0.733262,0.241841,False,,,,,0.0719,0,297,gemini/gemini-3.1-flash-lite
wikipedia_inteligencia_artificial,baseline_cosine,98,0.15,98,"[0, 1, 2, 3, 4, 5, 6, 7, 8, 9, 10, 11, 12, 13, 14, 15, 16, 17, 18, 19, 20, 21, 22, 23, 24, 25, 26, 27, 28, 29, 30, 31, 32, 33, 34, 35, 36, 37, 38, 39, 40, 41, 42, 43, 44, 45, 46, 47, 48, 49, 50, 51, 52, 53, 54, 55, 56, 57, 58, 59, 60, 61, 62, 63, 64, 65, 66, 67, 68, 69, 70, 71, 72, 73, 74, 75, 76, 77, 78, 79, 80, 81, 82, 83, 84, 85, 86, 87, 88, 89, 90, 91, 92, 93, 94, 95, 96]",83.45,1.0,0.442098,True,"[6, 16, 25, 26, 28, 31, 33, 38, 40, 42, 44, 47, 48, 49, 55, 56, 57, 58, 60, 61, 62, 73, 76, 80, 81, 86, 87, 96]",0.2887,1.0,0.448,3.0646,0,0,none
wikipedia_mundial_de_futbol,baseline_cosine,83,0.15,83,"[0, 1, 2, 3, 4, 5, 6, 7, 8, 9, 10, 11, 12, 13, 14, 15, 16, 17, 18, 19, 20, 21, 22, 23, 24, 25, 26, 27, 28, 29, 30, 31, 32, 33, 34, 35, 36, 37, 38, 39, 40, 41, 42, 43, 44, 45, 46, 47, 48, 49, 50, 51, 52, 53, 54, 55, 56, 57, 58, 59, 60, 61, 62, 63, 64, 65, 66, 67, 68, 69, 70, 71, 72, 73, 74, 75, 76, 77, 78, 79, 80, 81]",70.7,1.0,0.383893,True,"[3, 7, 11, 15, 19, 22, 34, 48, 49, 51, 56, 62, 64, 67, 69, 70, 73, 75, 78]",0.2317,1.0,0.3762,2.9112,0,0,none
